timestamp,unit_id,unit_type,empire_or_resistance,location_x,location_y,destination_x,destination_y,homeworld
2025-07-08 13:30:52,1,at-st,empire,9,9,1,3,Tund
2025-07-08 13:30:51,2,resistance_soldier,empire,7,2,10,4,Trandosha
2025-07-08 13:30:50,3,unknown,empire,3,8,10,7,Mirial
2025-07-08 13:30:49,4,x-wing,empire,5,2,2,2,Corellia
2025-07-08 13:30:48,5,stormtrooper,empire,2,8,10,4,Concord Dawn
2025-07-08 13:30:47,6,tie_fighter,empire,5,7,6,5,Tholoth
2025-07-08 13:30:46,7,stormtrooper,empire,7,5,9,1,Dagobah
2025-07-08 13:30:45,8,tie_fighter,resistance,3,2,3,7,Bestine IV
2025-07-08 13:30:44,9,resistance_soldier,empire,9,1,4,9,Aleen Minor
2025-07-08 13:30:43,10,unknown,resistance,6,3,1,7,Mirial
2025-07-08 13:30:42,11,tie_fighter,empire,3,6,2,1,Vulpter
2025-07-08 13:30:41,12,unknown,resistance,3,7,1,5,Eriadu
2025-07-08 13:30:40,13,unknown,empire,7,4,5,3,Concord Dawn
2025-07-08 13:30:39,14,x-wing,empire,4,2,2,1,Corellia
2025-07-08 13:30:38,15,x-wing,empire,9,1,10,4,Quermia
2025-07-08 13:30:37,16,tie_fighter,empire,3,9,9,8,Tholoth
2025-07-08 13:30:36,17,x-wing,empire,10,1,3,10,Muunilinst
2025-07-08 13:30:35,18,x-wing,empire,7,6,6,4,Kalee
2025-07-08 13:30:34,19,stormtrooper,empire,7,8,2,10,Tund
2025-07-08 13:30:33,20,tie_silencer,resistance,3,6,4,1,Rodia
2025-07-08 13:30:32,21,resistance_soldier,empire,7,1,6,7,Eriadu
2025-07-08 13:30:31,22,at-st,empire,8,5,10,2,Rodia
2025-07-08 13:30:30,23,at-st,resistance,7,9,6,7,Iktotch
2025-07-08 13:30:29,24,at-st,empire,8,2,4,7,Tholoth
2025-07-08 13:30:28,25,at-st,resistance,5,5,10,2,Iridonia
2025-07-08 13:30:27,26,tie_fighter,empire,6,9,5,7,Skako
2025-07-08 13:30:26,27,stormtrooper,empire,9,2,1,6,Serenno
2025-07-08 13:30:25,28,at-st,empire,5,8,9,1,Dagobah
2025-07-08 13:30:24,29,tie_silencer,empire,7,7,3,9,Quermia
2025-07-08 13:30:23,30,tie_fighter,resistance,9,6,6,2,Iktotch
2025-07-08 13:30:22,31,stormtrooper,empire,7,8,9,6,Toydaria
2025-07-08 13:30:21,32,at-at,empire,6,6,9,1,Zolan
2025-07-08 13:30:20,33,stormtrooper,empire,4,8,10,4,Malastare
2025-07-08 13:30:19,34,at-at,empire,10,4,9,10,Toydaria
2025-07-08 13:30:18,35,unknown,resistance,1,4,3,5,Sullust
2025-07-08 13:30:17,36,unknown,resistance,8,8,3,3,Iridonia
2025-07-08 13:30:16,37,tie_silencer,resistance,5,2,2,2,Mon Cala
2025-07-08 13:30:15,38,tie_silencer,empire,8,1,4,7,Kalee
2025-07-08 13:30:14,39,at-st,resistance,10,7,6,5,Alderaan
2025-07-08 13:30:13,40,tie_silencer,empire,7,9,4,8,Glee Anselm
2025-07-08 13:30:12,41,resistance_soldier,resistance,1,5,1,7,Naboo
2025-07-08 13:30:11,42,tie_fighter,resistance,8,7,1,9,Naboo
2025-07-08 13:30:10,43,at-at,empire,10,4,2,2,Champala
2025-07-08 13:30:09,44,resistance_soldier,resistance,9,8,8,6,Stewjon
2025-07-08 13:30:08,45,at-st,empire,8,6,9,8,Stewjon
2025-07-08 13:30:07,46,at-st,resistance,1,9,8,9,Ryloth
2025-07-08 13:30:06,47,tie_fighter,empire,9,8,6,1,Zolan
2025-07-08 13:30:05,48,at-at,empire,9,3,8,6,Vulpter
2025-07-08 13:30:04,49,at-st,resistance,9,7,9,10,Naboo
2025-07-08 13:30:03,50,tie_silencer,empire,6,2,7,10,Tatooine
2025-07-08 13:30:02,51,x-wing,empire,2,7,1,5,Iridonia
2025-07-08 13:30:01,52,stormtrooper,empire,8,4,6,9,Tatooine
2025-07-08 13:30:00,53,tie_silencer,empire,2,8,10,3,Champala
2025-07-08 13:29:59,54,at-at,resistance,10,5,3,9,Mirial
2025-07-08 13:29:58,55,unknown,empire,2,8,9,9,Kalee
2025-07-08 13:29:57,56,x-wing,resistance,9,6,2,1,Iridonia
2025-07-08 13:29:56,57,at-st,empire,2,7,4,2,Corellia
2025-07-08 13:29:55,58,stormtrooper,empire,3,3,2,10,Malastare
2025-07-08 13:29:54,59,at-at,empire,3,9,2,8,Aleen Minor
2025-07-08 13:29:53,60,x-wing,empire,5,9,10,4,Bestine IV
2025-07-08 13:29:52,61,tie_fighter,empire,9,4,9,9,Corellia
2025-07-08 13:29:51,62,resistance_soldier,resistance,1,7,3,1,Iridonia
2025-07-08 13:29:50,63,unknown,resistance,10,8,6,3,Iktotch
2025-07-08 13:29:49,64,tie_silencer,empire,6,5,7,6,Eriadu
2025-07-08 13:29:48,65,at-st,resistance,9,5,2,2,Haruun Kal
2025-07-08 13:29:47,66,unknown,resistance,6,10,10,8,Zolan
2025-07-08 13:29:46,67,at-at,empire,2,1,3,6,Concord Dawn
2025-07-08 13:29:45,68,stormtrooper,resistance,6,3,8,5,Champala
2025-07-08 13:29:44,69,at-st,empire,5,2,10,7,Malastare
2025-07-08 13:29:43,70,tie_fighter,empire,1,5,7,2,Dagobah
2025-07-08 13:29:42,71,unknown,resistance,6,2,7,4,Sullust
2025-07-08 13:29:41,72,resistance_soldier,resistance,8,2,8,7,Skako
2025-07-08 13:29:40,73,at-st,empire,6,10,8,2,Malastare
2025-07-08 13:29:39,74,at-at,resistance,9,3,9,4,Kalee
2025-07-08 13:29:38,75,stormtrooper,empire,3,4,8,3,Naboo
2025-07-08 13:29:37,76,tie_silencer,empire,3,7,9,2,Tund
2025-07-08 13:29:36,77,unknown,empire,7,4,5,10,Dorin
2025-07-08 13:29:35,78,at-st,empire,5,4,1,9,Naboo
2025-07-08 13:29:34,79,stormtrooper,resistance,9,9,5,9,Haruun Kal
2025-07-08 13:29:33,80,at-st,resistance,5,10,1,1,Umbara
2025-07-08 13:29:32,81,tie_fighter,resistance,9,8,8,10,Champala
2025-07-08 13:29:31,82,tie_silencer,resistance,9,9,1,10,Ryloth
2025-07-08 13:29:30,83,tie_silencer,resistance,3,7,4,10,Troiken
2025-07-08 13:29:29,84,resistance_soldier,resistance,1,2,8,9,Iktotch
2025-07-08 13:29:28,85,resistance_soldier,empire,1,10,4,2,Quermia
2025-07-08 13:29:27,86,tie_silencer,resistance,9,4,10,7,Socorro
2025-07-08 13:29:26,87,at-at,empire,5,4,6,10,Muunilinst
2025-07-08 13:29:25,88,at-st,empire,4,3,6,8,Naboo
2025-07-08 13:29:24,89,tie_silencer,resistance,2,3,9,2,Sullust
2025-07-08 13:29:23,90,unknown,resistance,3,6,3,3,Iridonia
2025-07-08 13:29:22,91,at-at,resistance,8,6,3,4,Malastare
2025-07-08 13:29:21,92,unknown,resistance,2,9,8,8,Tholoth
2025-07-08 13:29:20,93,at-st,resistance,8,2,6,3,Dathomir
2025-07-08 13:29:19,94,resistance_soldier,resistance,5,3,7,3,Alderaan
2025-07-08 13:29:18,95,x-wing,resistance,8,2,3,4,Shili
2025-07-08 13:29:17,96,at-st,resistance,8,2,2,6,Iktotch
2025-07-08 13:29:16,97,unknown,resistance,7,9,9,7,Mon Cala
2025-07-08 13:29:15,98,stormtrooper,empire,2,1,8,9,Haruun Kal
2025-07-08 13:29:14,99,resistance_soldier,empire,10,6,9,7,Trandosha
2025-07-08 13:29:13,100,unknown,empire,8,5,9,4,Corellia
2025-07-08 13:29:12,101,stormtrooper,empire,10,8,5,8,Rodia
2025-07-08 13:29:11,102,at-at,empire,5,1,5,8,Dagobah
2025-07-08 13:29:10,103,at-at,empire,8,2,4,3,Tund
2025-07-08 13:29:09,104,tie_silencer,resistance,4,6,6,10,Ryloth
2025-07-08 13:29:08,105,unknown,empire,1,5,3,2,Champala
2025-07-08 13:29:07,106,at-at,empire,4,3,9,9,Socorro
2025-07-08 13:29:06,107,stormtrooper,resistance,7,7,10,6,Tund
2025-07-08 13:29:05,108,at-st,empire,8,9,3,6,Dagobah
2025-07-08 13:29:04,109,at-st,resistance,7,10,10,4,Shili
2025-07-08 13:29:03,110,tie_silencer,resistance,6,2,6,7,Iridonia
2025-07-08 13:29:02,111,stormtrooper,empire,9,7,7,7,Champala
2025-07-08 13:29:01,112,resistance_soldier,resistance,3,2,4,1,Alderaan
2025-07-08 13:29:00,113,tie_silencer,resistance,9,9,6,7,Umbara
2025-07-08 13:28:59,114,tie_fighter,empire,9,2,7,8,Cerea
2025-07-08 13:28:58,115,tie_fighter,empire,8,5,9,10,Shili
2025-07-08 13:28:57,116,at-at,empire,8,7,2,8,Cerea
2025-07-08 13:28:56,117,at-at,resistance,3,8,10,9,Muunilinst
2025-07-08 13:28:55,118,tie_silencer,resistance,1,5,8,9,Troiken
2025-07-08 13:28:54,119,x-wing,empire,3,8,5,2,Dorin
2025-07-08 13:28:53,120,x-wing,empire,3,10,7,3,Tund
2025-07-08 13:28:52,121,at-at,empire,2,6,5,1,Tatooine
2025-07-08 13:28:51,122,tie_fighter,resistance,8,6,7,3,Champala
2025-07-08 13:28:50,123,tie_fighter,resistance,8,8,2,3,Rodia
2025-07-08 13:28:49,124,at-st,empire,6,10,8,3,Ojom
2025-07-08 13:28:48,125,tie_silencer,empire,10,5,8,4,Toydaria
2025-07-08 13:28:47,126,x-wing,resistance,2,9,4,5,Glee Anselm
2025-07-08 13:28:46,127,at-st,empire,10,5,1,1,Iktotch
2025-07-08 13:28:45,128,stormtrooper,resistance,7,4,9,9,Tholoth
2025-07-08 13:28:44,129,at-at,empire,10,5,4,7,Troiken
2025-07-08 13:28:43,130,resistance_soldier,resistance,4,3,10,3,Champala
2025-07-08 13:28:42,131,tie_silencer,resistance,1,9,10,9,Shili
2025-07-08 13:28:41,132,at-at,empire,6,6,10,10,Muunilinst
2025-07-08 13:28:40,133,x-wing,resistance,2,3,1,3,Shili
2025-07-08 13:28:39,134,unknown,resistance,8,7,2,2,Iktotch
2025-07-08 13:28:38,135,unknown,empire,9,9,1,2,Concord Dawn
2025-07-08 13:28:37,136,at-at,empire,8,5,6,9,Dorin
2025-07-08 13:28:36,137,x-wing,resistance,3,4,8,2,Shili
2025-07-08 13:28:35,138,at-at,empire,6,10,5,8,Haruun Kal
2025-07-08 13:28:34,139,tie_silencer,empire,7,4,9,9,Tund
2025-07-08 13:28:33,140,at-st,resistance,4,4,10,3,Concord Dawn
2025-07-08 13:28:32,141,x-wing,empire,2,5,8,6,Toydaria
2025-07-08 13:28:31,142,x-wing,resistance,8,3,9,2,Vulpter
2025-07-08 13:28:30,143,at-st,empire,5,3,7,9,Aleen Minor
2025-07-08 13:28:29,144,tie_silencer,resistance,5,6,5,5,Kalee
2025-07-08 13:28:28,145,tie_silencer,resistance,5,10,9,1,Ryloth
2025-07-08 13:28:27,146,unknown,resistance,9,10,9,9,Dorin
2025-07-08 13:28:26,147,resistance_soldier,empire,5,10,10,5,Zolan
2025-07-08 13:28:25,148,tie_silencer,resistance,7,5,9,5,Dorin
2025-07-08 13:28:24,149,tie_fighter,empire,9,5,9,1,Troiken
2025-07-08 13:28:23,150,tie_fighter,resistance,5,4,1,2,Iktotch
2025-07-08 13:28:22,151,stormtrooper,resistance,1,8,7,8,Malastare
2025-07-08 13:28:21,152,tie_fighter,empire,7,9,6,1,Stewjon
2025-07-08 13:28:20,153,unknown,empire,2,9,9,10,Eriadu
2025-07-08 13:28:19,154,x-wing,resistance,6,6,7,4,Naboo
2025-07-08 13:28:18,155,at-at,resistance,8,7,3,5,Iktotch
2025-07-08 13:28:17,156,at-st,resistance,9,2,9,5,Trandosha
2025-07-08 13:28:16,157,unknown,resistance,3,9,4,4,Champala
2025-07-08 13:28:15,158,tie_fighter,resistance,4,4,10,10,Socorro
2025-07-08 13:28:14,159,x-wing,resistance,2,7,6,3,Quermia
2025-07-08 13:28:13,160,unknown,resistance,8,8,7,6,Cerea
2025-07-08 13:28:12,161,tie_silencer,empire,8,8,5,10,Glee Anselm
2025-07-08 13:28:11,162,at-at,empire,2,4,9,10,Muunilinst
2025-07-08 13:28:10,163,tie_fighter,resistance,5,7,3,3,Naboo
2025-07-08 13:28:09,164,unknown,resistance,3,5,1,8,Glee Anselm
2025-07-08 13:28:08,165,tie_silencer,empire,9,8,8,7,Glee Anselm
2025-07-08 13:28:07,166,at-at,resistance,5,5,2,9,Glee Anselm
2025-07-08 13:28:06,167,tie_fighter,empire,10,3,5,10,Cerea
2025-07-08 13:28:05,168,at-at,empire,2,3,6,7,Bestine IV
2025-07-08 13:28:04,169,resistance_soldier,empire,7,3,3,6,Concord Dawn
2025-07-08 13:28:03,170,stormtrooper,empire,1,6,4,10,Skako
2025-07-08 13:28:02,171,resistance_soldier,resistance,2,6,9,3,Mon Cala
2025-07-08 13:28:01,172,at-at,empire,5,7,2,4,Iridonia
2025-07-08 13:28:00,173,unknown,resistance,7,10,7,8,Mirial
2025-07-08 13:27:59,174,at-st,resistance,7,7,7,6,Quermia
2025-07-08 13:27:58,175,stormtrooper,resistance,8,1,8,10,Naboo
2025-07-08 13:27:57,176,tie_silencer,empire,10,9,8,10,Tund
2025-07-08 13:27:56,177,tie_silencer,empire,9,5,2,9,Tund
2025-07-08 13:27:55,178,unknown,resistance,9,9,9,4,Toydaria
2025-07-08 13:27:54,179,x-wing,empire,5,5,5,7,Dagobah
2025-07-08 13:27:53,180,stormtrooper,resistance,3,4,10,10,Tholoth
2025-07-08 13:27:52,181,resistance_soldier,empire,9,1,7,1,Bestine IV
2025-07-08 13:27:51,182,unknown,empire,5,1,10,10,Vulpter
2025-07-08 13:27:50,183,tie_silencer,resistance,2,1,7,8,Mirial
2025-07-08 13:27:49,184,stormtrooper,resistance,7,8,7,8,Ojom
2025-07-08 13:27:48,185,stormtrooper,empire,7,2,3,8,Shili
2025-07-08 13:27:47,186,unknown,empire,3,1,9,7,Tholoth
2025-07-08 13:27:46,187,tie_silencer,resistance,5,3,3,2,Socorro
2025-07-08 13:27:45,188,at-at,resistance,6,3,5,10,Naboo
2025-07-08 13:27:44,189,tie_silencer,empire,2,1,10,9,Dorin
2025-07-08 13:27:43,190,tie_silencer,resistance,9,1,7,10,Sullust
2025-07-08 13:27:42,191,resistance_soldier,resistance,6,10,3,6,Trandosha
2025-07-08 13:27:41,192,stormtrooper,resistance,4,7,9,1,Sullust
2025-07-08 13:27:40,193,at-at,empire,8,2,4,7,Corellia
2025-07-08 13:27:39,194,tie_silencer,empire,3,2,7,9,Skako
2025-07-08 13:27:38,195,x-wing,empire,7,3,8,4,Chandrila
2025-07-08 13:27:37,196,x-wing,empire,1,2,1,1,Malastare
2025-07-08 13:27:36,197,unknown,empire,9,9,3,2,Skako
2025-07-08 13:27:35,198,x-wing,empire,10,1,9,4,Aleen Minor
2025-07-08 13:27:34,199,stormtrooper,empire,9,8,2,7,Serenno
2025-07-08 13:27:33,200,x-wing,empire,4,5,2,8,Corellia
2025-07-08 13:27:32,201,at-at,resistance,9,2,8,7,Bestine IV
2025-07-08 13:27:31,202,at-st,resistance,8,1,7,2,Kashyyyk
2025-07-08 13:27:30,203,unknown,resistance,10,10,7,5,Kashyyyk
2025-07-08 13:27:29,204,at-at,resistance,5,7,7,5,Ryloth
2025-07-08 13:27:28,205,stormtrooper,resistance,7,7,5,10,Chandrila
2025-07-08 13:27:27,206,resistance_soldier,resistance,4,6,8,7,Ryloth
2025-07-08 13:27:26,207,tie_silencer,empire,2,2,2,7,Vulpter
2025-07-08 13:27:25,208,x-wing,empire,6,9,7,5,Tatooine
2025-07-08 13:27:24,209,unknown,resistance,4,3,9,5,Haruun Kal
2025-07-08 13:27:23,210,tie_fighter,resistance,10,1,8,5,Alderaan
2025-07-08 13:27:22,211,tie_fighter,empire,5,7,5,3,Serenno
2025-07-08 13:27:21,212,tie_silencer,resistance,4,1,7,9,Zolan
2025-07-08 13:27:20,213,tie_silencer,empire,5,8,5,6,Concord Dawn
2025-07-08 13:27:19,214,at-st,resistance,1,7,4,1,Alderaan
2025-07-08 13:27:18,215,tie_silencer,empire,6,8,2,5,Corellia
2025-07-08 13:27:17,216,tie_fighter,resistance,4,5,10,7,Kashyyyk
2025-07-08 13:27:16,217,x-wing,empire,8,4,9,2,Kalee
2025-07-08 13:27:15,218,stormtrooper,resistance,1,9,1,6,Aleen Minor
2025-07-08 13:27:14,219,resistance_soldier,empire,10,8,2,3,Concord Dawn
2025-07-08 13:27:13,220,unknown,empire,6,1,1,8,Ojom
2025-07-08 13:27:12,221,at-at,empire,3,5,3,2,Tund
2025-07-08 13:27:11,222,stormtrooper,resistance,4,9,9,4,Sullust
2025-07-08 13:27:10,223,at-st,empire,5,1,2,8,Aleen Minor
2025-07-08 13:27:09,224,at-st,empire,6,2,10,9,Serenno
2025-07-08 13:27:08,225,at-at,empire,3,2,5,9,Dagobah
2025-07-08 13:27:07,226,resistance_soldier,empire,2,4,2,2,Trandosha
2025-07-08 13:27:06,227,resistance_soldier,resistance,9,1,6,3,Umbara
2025-07-08 13:27:05,228,resistance_soldier,empire,1,1,5,2,Mirial
2025-07-08 13:27:04,229,tie_silencer,empire,5,6,7,1,Malastare
2025-07-08 13:27:03,230,resistance_soldier,empire,6,3,10,9,Serenno
2025-07-08 13:27:02,231,at-st,empire,6,9,6,3,Tund
2025-07-08 13:27:01,232,tie_fighter,resistance,1,4,3,2,Eriadu
2025-07-08 13:27:00,233,at-st,empire,1,4,9,7,Aleen Minor
2025-07-08 13:26:59,234,x-wing,resistance,8,8,8,7,Quermia
2025-07-08 13:26:58,235,resistance_soldier,resistance,7,1,2,9,Mirial
2025-07-08 13:26:57,236,at-at,empire,8,3,3,8,Stewjon
2025-07-08 13:26:56,237,resistance_soldier,resistance,10,5,1,9,Sullust
2025-07-08 13:26:55,238,x-wing,resistance,10,9,1,3,Glee Anselm
2025-07-08 13:26:54,239,tie_silencer,empire,3,9,3,1,Ojom
2025-07-08 13:26:53,240,tie_fighter,empire,8,4,9,4,Stewjon
2025-07-08 13:26:52,241,resistance_soldier,empire,10,1,1,2,Aleen Minor
2025-07-08 13:26:51,242,at-st,empire,1,3,1,3,Stewjon
2025-07-08 13:26:50,243,x-wing,resistance,1,8,10,9,Haruun Kal
2025-07-08 13:26:49,244,at-st,resistance,4,3,6,2,Iridonia
2025-07-08 13:26:48,245,at-at,empire,8,1,8,9,Stewjon
2025-07-08 13:26:47,246,at-st,empire,5,8,1,2,Zolan
2025-07-08 13:26:46,247,resistance_soldier,resistance,7,9,7,1,Zolan
2025-07-08 13:26:45,248,tie_silencer,resistance,3,1,1,2,Umbara
2025-07-08 13:26:44,249,resistance_soldier,resistance,2,6,1,7,Sullust
2025-07-08 13:26:43,250,x-wing,resistance,9,9,7,1,Vulpter
2025-07-08 13:26:42,251,tie_fighter,resistance,6,9,3,10,Tatooine
2025-07-08 13:26:41,252,resistance_soldier,resistance,1,10,1,4,Kalee
2025-07-08 13:26:40,253,tie_fighter,resistance,4,5,10,3,Tund
2025-07-08 13:26:39,254,x-wing,resistance,1,5,6,9,Iridonia
2025-07-08 13:26:38,255,x-wing,empire,9,8,3,3,Skako
2025-07-08 13:26:37,256,stormtrooper,resistance,2,3,3,8,Glee Anselm
2025-07-08 13:26:36,257,x-wing,resistance,4,1,3,3,Cerea
2025-07-08 13:26:35,258,tie_fighter,resistance,6,3,7,9,Toydaria
2025-07-08 13:26:34,259,at-at,resistance,3,9,7,2,Alderaan
2025-07-08 13:26:33,260,tie_silencer,resistance,9,2,6,5,Sullust
2025-07-08 13:26:32,261,tie_fighter,resistance,9,8,10,2,Kashyyyk
2025-07-08 13:26:31,262,tie_silencer,resistance,6,5,2,6,Alderaan
2025-07-08 13:26:30,263,unknown,empire,2,2,1,1,Mirial
2025-07-08 13:26:29,264,stormtrooper,resistance,9,10,5,6,Tholoth
2025-07-08 13:26:28,265,tie_silencer,empire,5,1,1,9,Tund
2025-07-08 13:26:27,266,tie_silencer,empire,3,3,5,2,Eriadu
2025-07-08 13:26:26,267,at-at,empire,2,2,7,8,Malastare
2025-07-08 13:26:25,268,stormtrooper,empire,3,7,4,8,Trandosha
2025-07-08 13:26:24,269,at-st,empire,8,4,4,7,Ojom
2025-07-08 13:26:23,270,stormtrooper,empire,10,8,1,3,Eriadu
2025-07-08 13:26:22,271,at-at,resistance,4,10,7,6,Zolan
2025-07-08 13:26:21,272,stormtrooper,empire,7,10,2,7,Tund
2025-07-08 13:26:20,273,x-wing,empire,4,1,2,5,Tund
2025-07-08 13:26:19,274,at-at,resistance,10,4,10,1,Iridonia
2025-07-08 13:26:18,275,unknown,resistance,4,2,9,1,Naboo
2025-07-08 13:26:17,276,resistance_soldier,resistance,5,3,1,10,Socorro
2025-07-08 13:26:16,277,resistance_soldier,empire,1,9,3,1,Aleen Minor
2025-07-08 13:26:15,278,at-at,resistance,3,6,3,6,Ryloth
2025-07-08 13:26:14,279,tie_fighter,resistance,9,6,1,6,Rodia
2025-07-08 13:26:13,280,tie_fighter,empire,9,4,10,7,Skako
2025-07-08 13:26:12,281,tie_silencer,empire,10,1,2,6,Kalee
2025-07-08 13:26:11,282,unknown,resistance,1,5,2,1,Glee Anselm
2025-07-08 13:26:10,283,unknown,resistance,9,7,8,2,Mon Cala
2025-07-08 13:26:09,284,at-st,resistance,6,2,9,3,Glee Anselm
2025-07-08 13:26:08,285,resistance_soldier,resistance,9,4,1,7,Haruun Kal
2025-07-08 13:26:07,286,unknown,empire,1,8,1,2,Dagobah
2025-07-08 13:26:06,287,stormtrooper,empire,8,3,9,10,Skako
2025-07-08 13:26:05,288,resistance_soldier,empire,7,4,1,1,Tund
2025-07-08 13:26:04,289,unknown,resistance,10,7,6,7,Glee Anselm
2025-07-08 13:26:03,290,at-at,empire,3,4,1,6,Champala
2025-07-08 13:26:02,291,at-st,resistance,10,2,9,8,Dathomir
2025-07-08 13:26:01,292,at-at,empire,6,2,9,9,Dagobah
2025-07-08 13:26:00,293,tie_fighter,empire,1,4,10,5,Dorin
2025-07-08 13:25:59,294,tie_silencer,resistance,6,3,10,1,Kashyyyk
2025-07-08 13:25:58,295,stormtrooper,resistance,9,7,10,2,Alderaan
2025-07-08 13:25:57,296,at-st,resistance,1,5,6,7,Sullust
2025-07-08 13:25:56,297,stormtrooper,empire,3,3,2,10,Malastare
2025-07-08 13:25:55,298,unknown,resistance,9,7,1,1,Socorro
2025-07-08 13:25:54,299,tie_fighter,empire,9,1,6,3,Toydaria
2025-07-08 13:25:53,300,unknown,empire,6,1,9,9,Naboo
2025-07-08 13:25:52,301,at-at,resistance,2,7,6,4,Bestine IV
2025-07-08 13:25:51,302,resistance_soldier,resistance,4,9,5,1,Haruun Kal
2025-07-08 13:25:50,303,x-wing,empire,5,10,1,8,Aleen Minor
2025-07-08 13:25:49,304,unknown,resistance,6,7,1,1,Iridonia
2025-07-08 13:25:48,305,tie_fighter,resistance,4,8,10,1,Dathomir
2025-07-08 13:25:47,306,resistance_soldier,empire,5,4,4,1,Tholoth
2025-07-08 13:25:46,307,resistance_soldier,empire,2,10,7,2,Eriadu
2025-07-08 13:25:45,308,at-at,resistance,3,3,5,10,Muunilinst
2025-07-08 13:25:44,309,x-wing,resistance,1,7,9,1,Alderaan
2025-07-08 13:25:43,310,stormtrooper,resistance,2,7,2,5,Skako
2025-07-08 13:25:42,311,resistance_soldier,empire,8,10,6,1,Rodia
2025-07-08 13:25:41,312,unknown,empire,5,8,4,3,Skako
2025-07-08 13:25:40,313,tie_fighter,empire,8,4,7,1,Ryloth
2025-07-08 13:25:39,314,stormtrooper,resistance,2,10,6,6,Vulpter
2025-07-08 13:25:38,315,tie_fighter,empire,10,10,3,4,Bestine IV
2025-07-08 13:25:37,316,unknown,empire,3,9,8,6,Muunilinst
2025-07-08 13:25:36,317,stormtrooper,resistance,8,3,7,7,Vulpter
2025-07-08 13:25:35,318,tie_fighter,empire,5,5,2,4,Quermia
2025-07-08 13:25:34,319,unknown,empire,9,3,7,3,Zolan
2025-07-08 13:25:33,320,stormtrooper,resistance,2,8,3,1,Malastare
2025-07-08 13:25:32,321,tie_silencer,empire,8,10,7,2,Trandosha
2025-07-08 13:25:31,322,tie_silencer,empire,3,3,10,6,Corellia
2025-07-08 13:25:30,323,at-at,resistance,7,4,4,7,Glee Anselm
2025-07-08 13:25:29,324,at-st,empire,6,1,6,1,Muunilinst
2025-07-08 13:25:28,325,tie_silencer,empire,7,4,2,7,Tatooine
2025-07-08 13:25:27,326,tie_silencer,resistance,9,1,8,3,Cerea
2025-07-08 13:25:26,327,tie_fighter,empire,1,8,10,2,Champala
2025-07-08 13:25:25,328,x-wing,resistance,7,8,10,5,Alderaan
2025-07-08 13:25:24,329,tie_fighter,empire,4,6,4,7,Umbara
2025-07-08 13:25:23,330,stormtrooper,empire,1,7,6,5,Toydaria
2025-07-08 13:25:22,331,unknown,empire,6,6,10,7,Corellia
2025-07-08 13:25:21,332,x-wing,empire,10,6,1,9,Dagobah
2025-07-08 13:25:20,333,unknown,empire,8,5,6,6,Ojom
2025-07-08 13:25:19,334,resistance_soldier,resistance,7,6,4,9,Sullust
2025-07-08 13:25:18,335,stormtrooper,empire,1,4,2,1,Socorro
2025-07-08 13:25:17,336,at-st,resistance,6,7,4,7,Kalee
2025-07-08 13:25:16,337,stormtrooper,empire,6,2,5,7,Corellia
2025-07-08 13:25:15,338,at-st,empire,5,5,7,9,Toydaria
2025-07-08 13:25:14,339,stormtrooper,empire,4,6,10,6,Champala
2025-07-08 13:25:13,340,tie_silencer,resistance,3,6,7,3,Iridonia
2025-07-08 13:25:12,341,resistance_soldier,resistance,3,1,5,8,Naboo
2025-07-08 13:25:11,342,at-at,resistance,9,2,8,6,Naboo
2025-07-08 13:25:10,343,tie_fighter,resistance,3,7,10,4,Kalee
2025-07-08 13:25:09,344,x-wing,resistance,1,7,6,3,Malastare
2025-07-08 13:25:08,345,tie_silencer,empire,6,1,4,2,Tatooine
2025-07-08 13:25:07,346,x-wing,empire,8,6,2,10,Muunilinst
2025-07-08 13:25:06,347,stormtrooper,resistance,5,9,9,6,Bestine IV
2025-07-08 13:25:05,348,stormtrooper,resistance,10,3,8,4,Chandrila
2025-07-08 13:25:04,349,x-wing,empire,4,1,4,5,Dorin
2025-07-08 13:25:03,350,unknown,resistance,2,9,8,4,Glee Anselm
2025-07-08 13:25:02,351,tie_fighter,empire,8,9,8,9,Umbara
2025-07-08 13:25:01,352,x-wing,resistance,5,1,9,8,Troiken
2025-07-08 13:25:00,353,stormtrooper,empire,5,9,1,9,Chandrila
2025-07-08 13:24:59,354,at-st,empire,9,7,4,5,Trandosha
2025-07-08 13:24:58,355,tie_fighter,resistance,9,4,7,2,Champala
2025-07-08 13:24:57,356,x-wing,empire,8,10,10,2,Socorro
2025-07-08 13:24:56,357,at-st,empire,8,8,5,3,Mirial
2025-07-08 13:24:55,358,x-wing,empire,10,5,2,5,Muunilinst
2025-07-08 13:24:54,359,tie_fighter,resistance,1,3,3,4,Cerea
2025-07-08 13:24:53,360,at-st,resistance,9,1,7,3,Naboo
2025-07-08 13:24:52,361,at-at,resistance,6,10,4,4,Socorro
2025-07-08 13:24:51,362,x-wing,empire,5,3,5,8,Dorin
2025-07-08 13:24:50,363,stormtrooper,empire,1,4,5,8,Muunilinst
2025-07-08 13:24:49,364,unknown,resistance,7,10,4,7,Alderaan
2025-07-08 13:24:48,365,resistance_soldier,resistance,4,9,8,4,Aleen Minor
2025-07-08 13:24:47,366,at-st,empire,8,2,2,10,Tholoth
2025-07-08 13:24:46,367,x-wing,resistance,2,5,1,10,Dathomir
2025-07-08 13:24:45,368,x-wing,empire,10,4,8,3,Eriadu
2025-07-08 13:24:44,369,x-wing,empire,8,5,1,1,Skako
2025-07-08 13:24:43,370,stormtrooper,empire,6,5,8,7,Glee Anselm
2025-07-08 13:24:42,371,unknown,resistance,4,8,9,2,Socorro
2025-07-08 13:24:41,372,tie_silencer,empire,1,7,10,4,Sullust
2025-07-08 13:24:40,373,at-st,resistance,6,7,1,2,Iridonia
2025-07-08 13:24:39,374,tie_fighter,empire,4,4,9,10,Concord Dawn
2025-07-08 13:24:38,375,tie_silencer,empire,8,5,9,4,Malastare
2025-07-08 13:24:37,376,tie_fighter,empire,8,2,10,7,Mirial
2025-07-08 13:24:36,377,stormtrooper,resistance,3,5,10,9,Sullust
2025-07-08 13:24:35,378,at-at,resistance,10,2,8,10,Quermia
2025-07-08 13:24:34,379,stormtrooper,empire,1,5,8,6,Muunilinst
2025-07-08 13:24:33,380,at-st,empire,9,3,10,9,Aleen Minor
2025-07-08 13:24:32,381,x-wing,resistance,9,9,8,4,Troiken
2025-07-08 13:24:31,382,tie_silencer,empire,9,6,1,5,Eriadu
2025-07-08 13:24:30,383,unknown,empire,10,2,1,5,Aleen Minor
2025-07-08 13:24:29,384,tie_silencer,resistance,4,3,5,10,Vulpter
2025-07-08 13:24:28,385,x-wing,resistance,4,3,4,3,Kashyyyk
2025-07-08 13:24:27,386,resistance_soldier,resistance,2,8,9,8,Bestine IV
2025-07-08 13:24:26,387,x-wing,resistance,7,10,7,3,Champala
2025-07-08 13:24:25,388,x-wing,resistance,6,5,10,3,Iridonia
2025-07-08 13:24:24,389,at-at,empire,5,7,6,9,Muunilinst
2025-07-08 13:24:23,390,x-wing,resistance,7,8,2,1,Troiken
2025-07-08 13:24:22,391,at-at,empire,10,5,5,1,Concord Dawn
2025-07-08 13:24:21,392,at-st,resistance,4,4,1,7,Rodia
2025-07-08 13:24:20,393,at-at,empire,10,3,3,7,Malastare
2025-07-08 13:24:19,394,tie_silencer,empire,1,5,6,7,Dagobah
2025-07-08 13:24:18,395,x-wing,resistance,9,9,3,1,Socorro
2025-07-08 13:24:17,396,tie_fighter,empire,2,6,7,7,Tund
2025-07-08 13:24:16,397,stormtrooper,empire,3,4,5,4,Skako
2025-07-08 13:24:15,398,at-at,empire,7,3,1,5,Ojom
2025-07-08 13:24:14,399,unknown,resistance,3,7,8,7,Aleen Minor
2025-07-08 13:24:13,400,at-at,resistance,9,1,4,5,Zolan
2025-07-08 13:24:12,401,stormtrooper,resistance,1,5,7,1,Stewjon
2025-07-08 13:24:11,402,at-st,resistance,6,7,4,9,Skako
2025-07-08 13:24:10,403,at-st,empire,8,2,4,8,Trandosha
2025-07-08 13:24:09,404,tie_fighter,resistance,7,4,5,2,Glee Anselm
2025-07-08 13:24:08,405,at-st,resistance,3,7,2,1,Eriadu
2025-07-08 13:24:07,406,tie_silencer,resistance,1,3,8,6,Iktotch
2025-07-08 13:24:06,407,tie_fighter,resistance,3,7,1,1,Malastare
2025-07-08 13:24:05,408,x-wing,empire,2,4,2,7,Quermia
2025-07-08 13:24:04,409,tie_silencer,resistance,4,4,2,6,Tholoth
2025-07-08 13:24:03,410,at-at,resistance,6,2,2,10,Socorro
2025-07-08 13:24:02,411,at-at,empire,6,4,4,5,Dagobah
2025-07-08 13:24:01,412,tie_fighter,resistance,1,5,1,2,Aleen Minor
2025-07-08 13:24:00,413,stormtrooper,resistance,8,4,5,7,Dorin
2025-07-08 13:23:59,414,stormtrooper,empire,6,7,10,8,Dorin
2025-07-08 13:23:58,415,at-st,empire,3,1,5,6,Serenno
2025-07-08 13:23:57,416,at-st,empire,3,8,4,5,Zolan
2025-07-08 13:23:56,417,at-at,empire,3,9,4,3,Trandosha
2025-07-08 13:23:55,418,at-at,resistance,2,6,6,8,Skako
2025-07-08 13:23:54,419,unknown,resistance,8,3,4,6,Alderaan
2025-07-08 13:23:53,420,at-st,empire,3,5,5,10,Muunilinst
2025-07-08 13:23:52,421,tie_silencer,resistance,1,1,6,9,Dathomir
2025-07-08 13:23:51,422,tie_silencer,resistance,4,2,2,4,Alderaan
2025-07-08 13:23:50,423,tie_silencer,empire,2,8,7,3,Trandosha
2025-07-08 13:23:49,424,unknown,empire,4,5,4,5,Glee Anselm
2025-07-08 13:23:48,425,tie_silencer,resistance,2,1,2,9,Socorro
2025-07-08 13:23:47,426,tie_silencer,empire,4,8,8,2,Iktotch
2025-07-08 13:23:46,427,stormtrooper,resistance,10,10,1,6,Kashyyyk
2025-07-08 13:23:45,428,at-at,resistance,1,1,3,10,Ojom
2025-07-08 13:23:44,429,stormtrooper,resistance,5,2,8,1,Trandosha
2025-07-08 13:23:43,430,at-st,empire,5,2,1,7,Tund
2025-07-08 13:23:42,431,tie_fighter,resistance,5,9,2,4,Bestine IV
2025-07-08 13:23:41,432,at-st,empire,9,7,5,10,Eriadu
2025-07-08 13:23:40,433,unknown,resistance,9,6,6,7,Socorro
2025-07-08 13:23:39,434,x-wing,resistance,4,1,4,7,Iktotch
2025-07-08 13:23:38,435,at-st,empire,5,9,5,8,Skako
2025-07-08 13:23:37,436,tie_fighter,empire,5,4,1,7,Champala
2025-07-08 13:23:36,437,at-at,resistance,7,9,10,5,Quermia
2025-07-08 13:23:35,438,tie_silencer,resistance,3,3,9,8,Dagobah
2025-07-08 13:23:34,439,unknown,resistance,2,2,4,5,Kashyyyk
2025-07-08 13:23:33,440,x-wing,empire,10,8,5,8,Muunilinst
2025-07-08 13:23:32,441,at-st,resistance,3,9,5,3,Umbara
2025-07-08 13:23:31,442,resistance_soldier,empire,4,4,1,7,Ryloth
2025-07-08 13:23:30,443,tie_silencer,resistance,4,5,10,2,Troiken
2025-07-08 13:23:29,444,unknown,empire,7,4,1,5,Zolan
2025-07-08 13:23:28,445,at-st,empire,5,8,5,6,Serenno
2025-07-08 13:23:27,446,tie_silencer,empire,9,5,1,9,Tatooine
2025-07-08 13:23:26,447,unknown,empire,6,6,1,6,Dorin
2025-07-08 13:23:25,448,unknown,resistance,10,9,2,10,Cerea
2025-07-08 13:23:24,449,at-at,empire,9,4,3,4,Tund
2025-07-08 13:23:23,450,at-st,resistance,5,3,9,10,Dorin
2025-07-08 13:23:22,451,resistance_soldier,resistance,10,6,1,1,Alderaan
2025-07-08 13:23:21,452,at-st,resistance,3,9,5,2,Shili
2025-07-08 13:23:20,453,at-st,empire,8,3,9,9,Quermia
2025-07-08 13:23:19,454,tie_silencer,resistance,4,9,10,4,Iktotch
2025-07-08 13:23:18,455,at-st,empire,1,4,1,10,Iktotch
2025-07-08 13:23:17,456,at-at,resistance,4,5,4,5,Ryloth
2025-07-08 13:23:16,457,x-wing,resistance,5,8,6,1,Shili
2025-07-08 13:23:15,458,at-st,resistance,3,8,10,9,Eriadu
2025-07-08 13:23:14,459,tie_fighter,empire,10,4,7,4,Dagobah
2025-07-08 13:23:13,460,resistance_soldier,resistance,2,1,9,8,Sullust
2025-07-08 13:23:12,461,unknown,empire,10,8,2,3,Tund
2025-07-08 13:23:11,462,stormtrooper,empire,7,9,4,3,Stewjon
2025-07-08 13:23:10,463,resistance_soldier,empire,1,3,6,4,Mirial
2025-07-08 13:23:09,464,tie_fighter,resistance,7,1,8,1,Alderaan
2025-07-08 13:23:08,465,tie_fighter,empire,6,9,8,8,Ojom
2025-07-08 13:23:07,466,tie_fighter,empire,8,4,1,6,Tatooine
2025-07-08 13:23:06,467,at-at,empire,4,6,6,4,Trandosha
2025-07-08 13:23:05,468,at-st,empire,9,9,5,6,Stewjon
2025-07-08 13:23:04,469,at-at,empire,4,3,2,2,Mirial
2025-07-08 13:23:03,470,tie_silencer,resistance,1,9,2,4,Chandrila
2025-07-08 13:23:02,471,resistance_soldier,empire,7,2,2,1,Muunilinst
2025-07-08 13:23:01,472,tie_fighter,resistance,2,9,1,9,Alderaan
2025-07-08 13:23:00,473,resistance_soldier,resistance,3,9,6,10,Zolan
2025-07-08 13:22:59,474,resistance_soldier,resistance,1,2,9,8,Naboo
2025-07-08 13:22:58,475,resistance_soldier,empire,4,4,4,8,Toydaria
2025-07-08 13:22:57,476,at-st,resistance,3,10,1,6,Ojom
2025-07-08 13:22:56,477,tie_silencer,empire,1,5,8,3,Eriadu
2025-07-08 13:22:55,478,at-at,resistance,2,10,4,3,Trandosha
2025-07-08 13:22:54,479,stormtrooper,empire,3,9,1,4,Aleen Minor
2025-07-08 13:22:53,480,unknown,resistance,1,6,2,5,Serenno
2025-07-08 13:22:52,481,x-wing,empire,2,9,8,5,Toydaria
2025-07-08 13:22:51,482,unknown,empire,1,2,6,7,Quermia
2025-07-08 13:22:50,483,resistance_soldier,resistance,2,3,7,2,Iktotch
2025-07-08 13:22:49,484,unknown,empire,5,1,7,10,Muunilinst
2025-07-08 13:22:48,485,resistance_soldier,resistance,3,8,3,3,Iridonia
2025-07-08 13:22:47,486,x-wing,empire,7,6,2,10,Stewjon
2025-07-08 13:22:46,487,stormtrooper,empire,9,1,3,5,Tund
2025-07-08 13:22:45,488,stormtrooper,resistance,6,1,7,2,Mon Cala
2025-07-08 13:22:44,489,at-at,empire,3,10,4,6,Tund
2025-07-08 13:22:43,490,unknown,resistance,2,10,8,1,Bestine IV
2025-07-08 13:22:42,491,x-wing,resistance,3,7,7,4,Glee Anselm
2025-07-08 13:22:41,492,resistance_soldier,resistance,2,1,1,4,Concord Dawn
2025-07-08 13:22:40,493,x-wing,resistance,9,2,7,5,Troiken
2025-07-08 13:22:39,494,tie_silencer,resistance,6,3,4,7,Rodia
2025-07-08 13:22:38,495,unknown,resistance,2,7,3,7,Iridonia
2025-07-08 13:22:37,496,at-st,resistance,4,10,8,3,Mon Cala
2025-07-08 13:22:36,497,resistance_soldier,empire,3,7,5,1,Toydaria
2025-07-08 13:22:35,498,at-at,resistance,5,6,5,7,Alderaan
2025-07-08 13:22:34,499,at-st,empire,8,4,10,2,Champala
2025-07-08 13:22:33,500,stormtrooper,resistance,3,2,6,3,Concord Dawn
2025-07-08 13:22:32,501,x-wing,empire,4,5,3,8,Malastare
2025-07-08 13:22:31,502,unknown,empire,5,3,8,1,Cerea
2025-07-08 13:22:30,503,stormtrooper,empire,7,9,9,9,Toydaria
2025-07-08 13:22:29,504,tie_fighter,resistance,1,8,2,6,Bestine IV
2025-07-08 13:22:28,505,at-at,resistance,3,1,5,3,Ojom
2025-07-08 13:22:27,506,tie_silencer,empire,5,4,5,9,Rodia
2025-07-08 13:22:26,507,at-st,resistance,3,3,5,10,Ryloth
2025-07-08 13:22:25,508,tie_fighter,empire,1,7,2,3,Dorin
2025-07-08 13:22:24,509,at-st,empire,8,6,7,1,Skako
2025-07-08 13:22:23,510,unknown,empire,4,4,5,7,Malastare
2025-07-08 13:22:22,511,at-at,resistance,4,10,8,9,Haruun Kal
2025-07-08 13:22:21,512,tie_fighter,resistance,4,4,5,5,Kalee
2025-07-08 13:22:20,513,x-wing,resistance,10,2,8,9,Mirial
2025-07-08 13:22:19,514,tie_silencer,resistance,2,4,3,4,Socorro
2025-07-08 13:22:18,515,x-wing,empire,2,6,9,2,Muunilinst
2025-07-08 13:22:17,516,stormtrooper,resistance,1,10,8,1,Trandosha
2025-07-08 13:22:16,517,tie_fighter,empire,5,9,7,6,Iridonia
2025-07-08 13:22:15,518,x-wing,resistance,5,2,6,9,Alderaan
2025-07-08 13:22:14,519,at-at,empire,2,1,5,1,Dorin
2025-07-08 13:22:13,520,tie_silencer,empire,1,3,9,9,Iktotch
2025-07-08 13:22:12,521,tie_fighter,empire,10,4,7,8,Bestine IV
2025-07-08 13:22:11,522,tie_silencer,resistance,6,5,3,8,Haruun Kal
2025-07-08 13:22:10,523,tie_fighter,empire,7,1,10,6,Dagobah
2025-07-08 13:22:09,524,resistance_soldier,resistance,4,3,2,3,Dathomir
2025-07-08 13:22:08,525,tie_silencer,empire,7,7,8,7,Quermia
2025-07-08 13:22:07,526,tie_silencer,resistance,9,3,3,2,Concord Dawn
2025-07-08 13:22:06,527,tie_fighter,empire,2,2,10,7,Stewjon
2025-07-08 13:22:05,528,tie_silencer,resistance,2,4,7,3,Trandosha
2025-07-08 13:22:04,529,at-st,resistance,6,4,2,4,Aleen Minor
2025-07-08 13:22:03,530,tie_fighter,resistance,9,9,7,7,Cerea
2025-07-08 13:22:02,531,stormtrooper,resistance,8,4,1,5,Mon Cala
2025-07-08 13:22:01,532,tie_silencer,resistance,1,10,10,8,Malastare
2025-07-08 13:22:00,533,resistance_soldier,resistance,7,7,10,10,Glee Anselm
2025-07-08 13:21:59,534,unknown,resistance,8,8,1,9,Shili
2025-07-08 13:21:58,535,tie_silencer,empire,9,10,8,3,Dagobah
2025-07-08 13:21:57,536,stormtrooper,resistance,5,1,1,7,Kalee
2025-07-08 13:21:56,537,tie_fighter,empire,3,1,6,4,Haruun Kal
2025-07-08 13:21:55,538,unknown,empire,9,6,7,5,Iktotch
2025-07-08 13:21:54,539,tie_fighter,empire,5,3,1,5,Toydaria
2025-07-08 13:21:53,540,x-wing,resistance,4,1,2,7,Ryloth
2025-07-08 13:21:52,541,stormtrooper,empire,3,4,1,2,Glee Anselm
2025-07-08 13:21:51,542,at-st,resistance,4,3,5,1,Dagobah
2025-07-08 13:21:50,543,at-st,resistance,7,5,4,5,Iridonia
2025-07-08 13:21:49,544,resistance_soldier,empire,3,8,4,7,Toydaria
2025-07-08 13:21:48,545,unknown,empire,7,6,4,8,Mirial
2025-07-08 13:21:47,546,at-st,empire,5,2,7,6,Tund
2025-07-08 13:21:46,547,at-st,empire,6,8,4,1,Quermia
2025-07-08 13:21:45,548,at-at,empire,4,9,5,3,Toydaria
2025-07-08 13:21:44,549,at-at,empire,1,5,3,4,Corellia
2025-07-08 13:21:43,550,tie_fighter,empire,7,2,5,2,Rodia
2025-07-08 13:21:42,551,tie_fighter,empire,4,2,6,3,Corellia
2025-07-08 13:21:41,552,at-st,resistance,8,3,3,5,Rodia
2025-07-08 13:21:40,553,stormtrooper,resistance,6,10,5,2,Sullust
2025-07-08 13:21:39,554,x-wing,resistance,5,3,3,1,Shili
2025-07-08 13:21:38,555,unknown,empire,6,5,5,5,Mirial
2025-07-08 13:21:37,556,resistance_soldier,resistance,2,5,4,5,Cerea
2025-07-08 13:21:36,557,at-st,empire,9,4,10,7,Ojom
2025-07-08 13:21:35,558,tie_silencer,empire,9,1,8,5,Zolan
2025-07-08 13:21:34,559,resistance_soldier,resistance,4,8,8,2,Tatooine
2025-07-08 13:21:33,560,x-wing,resistance,9,5,6,8,Ryloth
2025-07-08 13:21:32,561,at-at,resistance,5,1,8,4,Cerea
2025-07-08 13:21:31,562,tie_silencer,empire,9,5,1,9,Eriadu
2025-07-08 13:21:30,563,unknown,empire,8,3,4,7,Bestine IV
2025-07-08 13:21:29,564,unknown,resistance,8,10,4,6,Sullust
2025-07-08 13:21:28,565,stormtrooper,empire,3,4,8,1,Champala
2025-07-08 13:21:27,566,tie_fighter,empire,4,3,3,5,Tholoth
2025-07-08 13:21:26,567,resistance_soldier,resistance,1,1,8,6,Umbara
2025-07-08 13:21:25,568,unknown,resistance,9,2,4,10,Iridonia
2025-07-08 13:21:24,569,at-at,empire,10,1,6,8,Stewjon
2025-07-08 13:21:23,570,resistance_soldier,resistance,4,5,2,2,Stewjon
2025-07-08 13:21:22,571,tie_silencer,resistance,9,9,3,7,Bestine IV
2025-07-08 13:21:21,572,tie_fighter,resistance,5,1,8,4,Troiken
2025-07-08 13:21:20,573,tie_fighter,resistance,7,4,2,5,Umbara
2025-07-08 13:21:19,574,tie_silencer,resistance,3,9,2,9,Kashyyyk
2025-07-08 13:21:18,575,at-at,empire,9,8,9,2,Zolan
2025-07-08 13:21:17,576,stormtrooper,empire,10,9,6,5,Champala
2025-07-08 13:21:16,577,at-at,resistance,10,9,5,10,Rodia
2025-07-08 13:21:15,578,tie_fighter,resistance,10,2,7,8,Iktotch
2025-07-08 13:21:14,579,at-at,empire,3,10,1,5,Stewjon
2025-07-08 13:21:13,580,x-wing,resistance,3,10,5,3,Kalee
2025-07-08 13:21:12,581,tie_fighter,empire,7,2,7,10,Stewjon
2025-07-08 13:21:11,582,x-wing,empire,10,2,3,9,Dagobah
2025-07-08 13:21:10,583,tie_fighter,resistance,6,3,7,3,Concord Dawn
2025-07-08 13:21:09,584,at-at,empire,1,10,3,6,Eriadu
2025-07-08 13:21:08,585,tie_silencer,empire,8,2,4,2,Aleen Minor
2025-07-08 13:21:07,586,at-at,resistance,3,2,7,2,Eriadu
2025-07-08 13:21:06,587,x-wing,empire,6,6,5,9,Aleen Minor
2025-07-08 13:21:05,588,stormtrooper,empire,5,9,7,9,Cerea
2025-07-08 13:21:04,589,unknown,resistance,8,5,6,7,Alderaan
2025-07-08 13:21:03,590,resistance_soldier,resistance,10,1,2,4,Dagobah
2025-07-08 13:21:02,591,resistance_soldier,empire,1,9,9,6,Iktotch
2025-07-08 13:21:01,592,resistance_soldier,resistance,8,3,9,8,Mirial
2025-07-08 13:21:00,593,unknown,resistance,7,9,1,6,Sullust
2025-07-08 13:20:59,594,x-wing,empire,8,8,8,2,Stewjon
2025-07-08 13:20:58,595,unknown,empire,6,9,8,2,Concord Dawn
2025-07-08 13:20:57,596,tie_silencer,resistance,4,2,10,4,Muunilinst
2025-07-08 13:20:56,597,tie_silencer,resistance,2,1,4,3,Umbara
2025-07-08 13:20:55,598,resistance_soldier,resistance,7,10,1,9,Rodia
2025-07-08 13:20:54,599,at-at,empire,3,6,6,7,Serenno
2025-07-08 13:20:53,600,resistance_soldier,resistance,4,1,1,7,Socorro
2025-07-08 13:20:52,601,at-st,empire,10,1,2,4,Kalee
2025-07-08 13:20:51,602,unknown,empire,2,5,1,5,Bestine IV
2025-07-08 13:20:50,603,x-wing,empire,6,7,9,2,Trandosha
2025-07-08 13:20:49,604,tie_fighter,resistance,2,8,10,2,Kashyyyk
2025-07-08 13:20:48,605,tie_fighter,empire,9,10,5,2,Dorin
2025-07-08 13:20:47,606,tie_silencer,empire,10,9,8,7,Concord Dawn
2025-07-08 13:20:46,607,stormtrooper,resistance,8,1,10,2,Chandrila
2025-07-08 13:20:45,608,x-wing,resistance,7,5,4,4,Malastare
2025-07-08 13:20:44,609,tie_fighter,empire,2,6,6,4,Naboo
2025-07-08 13:20:43,610,at-at,empire,4,4,1,3,Tatooine
2025-07-08 13:20:42,611,x-wing,resistance,8,1,5,4,Alderaan
2025-07-08 13:20:41,612,at-st,resistance,10,6,5,7,Iridonia
2025-07-08 13:20:40,613,tie_fighter,resistance,9,10,3,5,Shili
2025-07-08 13:20:39,614,at-at,resistance,2,10,4,2,Chandrila
2025-07-08 13:20:38,615,unknown,resistance,2,6,5,8,Ojom
2025-07-08 13:20:37,616,unknown,resistance,8,1,7,6,Alderaan
2025-07-08 13:20:36,617,tie_silencer,resistance,2,8,7,1,Shili
2025-07-08 13:20:35,618,unknown,empire,7,9,2,7,Troiken
2025-07-08 13:20:34,619,at-at,resistance,9,6,7,8,Chandrila
2025-07-08 13:20:33,620,x-wing,resistance,10,9,6,3,Concord Dawn
2025-07-08 13:20:32,621,x-wing,resistance,6,2,5,10,Tatooine
2025-07-08 13:20:31,622,at-st,resistance,7,7,7,6,Haruun Kal
2025-07-08 13:20:30,623,unknown,empire,6,8,5,8,Dagobah
2025-07-08 13:20:29,624,unknown,resistance,2,7,6,1,Tund
2025-07-08 13:20:28,625,tie_silencer,empire,7,2,5,1,Haruun Kal
2025-07-08 13:20:27,626,stormtrooper,empire,6,8,1,9,Stewjon
2025-07-08 13:20:26,627,tie_silencer,resistance,5,9,2,7,Champala
2025-07-08 13:20:25,628,tie_silencer,resistance,7,10,2,9,Ojom
2025-07-08 13:20:24,629,at-at,resistance,3,5,6,6,Tholoth
2025-07-08 13:20:23,630,stormtrooper,empire,4,9,2,4,Tund
2025-07-08 13:20:22,631,tie_fighter,empire,10,5,10,8,Dathomir
2025-07-08 13:20:21,632,tie_silencer,empire,9,6,3,9,Toydaria
2025-07-08 13:20:20,633,unknown,resistance,4,2,2,6,Zolan
2025-07-08 13:20:19,634,stormtrooper,resistance,4,10,5,1,Champala
2025-07-08 13:20:18,635,resistance_soldier,empire,2,7,9,9,Troiken
2025-07-08 13:20:17,636,x-wing,empire,7,8,6,9,Dagobah
2025-07-08 13:20:16,637,unknown,resistance,9,7,4,8,Kashyyyk
2025-07-08 13:20:15,638,at-at,empire,3,7,1,1,Iktotch
2025-07-08 13:20:14,639,stormtrooper,resistance,6,8,7,2,Champala
2025-07-08 13:20:13,640,at-at,resistance,5,7,9,1,Tholoth
2025-07-08 13:20:12,641,tie_silencer,resistance,6,8,10,9,Socorro
2025-07-08 13:20:11,642,at-st,empire,8,5,2,8,Umbara
2025-07-08 13:20:10,643,tie_silencer,resistance,6,8,8,7,Trandosha
2025-07-08 13:20:09,644,x-wing,resistance,4,3,8,8,Bestine IV
2025-07-08 13:20:08,645,tie_silencer,empire,2,10,5,3,Champala
2025-07-08 13:20:07,646,stormtrooper,empire,3,7,10,10,Zolan
2025-07-08 13:20:06,647,stormtrooper,resistance,3,4,5,1,Mon Cala
2025-07-08 13:20:05,648,resistance_soldier,empire,6,10,3,8,Muunilinst
2025-07-08 13:20:04,649,tie_fighter,empire,7,8,9,2,Kashyyyk
2025-07-08 13:20:03,650,x-wing,resistance,6,9,3,5,Ryloth
2025-07-08 13:20:02,651,x-wing,empire,8,8,2,1,Stewjon
2025-07-08 13:20:01,652,unknown,resistance,4,9,4,7,Sullust
2025-07-08 13:20:00,653,unknown,empire,10,2,9,4,Corellia
2025-07-08 13:19:59,654,at-at,resistance,1,4,5,2,Chandrila
2025-07-08 13:19:58,655,x-wing,empire,1,2,7,6,Vulpter
2025-07-08 13:19:57,656,at-st,resistance,1,3,4,6,Glee Anselm
2025-07-08 13:19:56,657,at-st,empire,5,4,3,7,Trandosha
2025-07-08 13:19:55,658,tie_fighter,resistance,2,5,3,10,Troiken
2025-07-08 13:19:54,659,tie_silencer,resistance,7,5,8,10,Champala
2025-07-08 13:19:53,660,resistance_soldier,empire,3,1,1,5,Malastare
2025-07-08 13:19:52,661,at-at,empire,7,6,3,6,Quermia
2025-07-08 13:19:51,662,stormtrooper,empire,10,7,4,3,Malastare
2025-07-08 13:19:50,663,unknown,resistance,10,10,8,8,Mon Cala
2025-07-08 13:19:49,664,tie_silencer,resistance,4,5,2,1,Haruun Kal
2025-07-08 13:19:48,665,x-wing,empire,3,5,5,6,Shili
2025-07-08 13:19:47,666,at-at,resistance,8,9,3,7,Champala
2025-07-08 13:19:46,667,at-st,resistance,2,8,1,10,Champala
2025-07-08 13:19:45,668,stormtrooper,resistance,9,1,3,6,Haruun Kal
2025-07-08 13:19:44,669,resistance_soldier,empire,6,3,3,9,Mirial
2025-07-08 13:19:43,670,tie_silencer,resistance,9,1,6,9,Chandrila
2025-07-08 13:19:42,671,resistance_soldier,resistance,7,9,9,9,Sullust
2025-07-08 13:19:41,672,at-st,resistance,6,6,6,1,Bestine IV
2025-07-08 13:19:40,673,x-wing,empire,8,2,2,7,Rodia
2025-07-08 13:19:39,674,tie_silencer,resistance,1,8,6,2,Champala
2025-07-08 13:19:38,675,resistance_soldier,empire,1,4,2,7,Ojom
2025-07-08 13:19:37,676,unknown,resistance,7,7,2,4,Alderaan
2025-07-08 13:19:36,677,tie_fighter,empire,7,1,2,1,Corellia
2025-07-08 13:19:35,678,x-wing,resistance,9,1,1,3,Kashyyyk
2025-07-08 13:19:34,679,at-st,resistance,2,6,5,6,Shili
2025-07-08 13:19:33,680,unknown,resistance,5,5,3,5,Alderaan
2025-07-08 13:19:32,681,tie_silencer,resistance,6,9,10,6,Kashyyyk
2025-07-08 13:19:31,682,stormtrooper,resistance,1,6,3,3,Stewjon
2025-07-08 13:19:30,683,unknown,resistance,4,4,4,6,Sullust
2025-07-08 13:19:29,684,at-at,empire,9,9,8,1,Iridonia
2025-07-08 13:19:28,685,at-at,empire,8,9,2,5,Muunilinst
2025-07-08 13:19:27,686,at-at,empire,1,5,4,7,Dagobah
2025-07-08 13:19:26,687,at-at,empire,1,6,6,8,Champala
2025-07-08 13:19:25,688,tie_fighter,empire,6,4,10,10,Corellia
2025-07-08 13:19:24,689,resistance_soldier,empire,5,3,4,8,Rodia
2025-07-08 13:19:23,690,at-st,resistance,7,5,9,4,Trandosha
2025-07-08 13:19:22,691,tie_silencer,empire,10,8,10,9,Vulpter
2025-07-08 13:19:21,692,tie_fighter,resistance,4,1,1,9,Dathomir
2025-07-08 13:19:20,693,resistance_soldier,empire,4,7,1,4,Dathomir
2025-07-08 13:19:19,694,at-st,resistance,4,1,10,2,Mon Cala
2025-07-08 13:19:18,695,at-at,empire,1,3,4,2,Dorin
2025-07-08 13:19:17,696,tie_fighter,resistance,9,1,10,9,Malastare
2025-07-08 13:19:16,697,resistance_soldier,resistance,1,9,1,3,Mon Cala
2025-07-08 13:19:15,698,unknown,resistance,5,7,5,9,Ojom
2025-07-08 13:19:14,699,tie_fighter,empire,3,5,9,4,Muunilinst
2025-07-08 13:19:13,700,unknown,resistance,1,9,7,9,Ojom
2025-07-08 13:19:12,701,tie_silencer,resistance,7,3,3,7,Socorro
2025-07-08 13:19:11,702,tie_silencer,resistance,10,10,10,2,Troiken
2025-07-08 13:19:10,703,unknown,resistance,7,6,8,6,Kashyyyk
2025-07-08 13:19:09,704,at-at,empire,9,1,1,2,Cerea
2025-07-08 13:19:08,705,at-st,resistance,9,2,2,9,Umbara
2025-07-08 13:19:07,706,tie_silencer,resistance,8,6,6,5,Iridonia
2025-07-08 13:19:06,707,x-wing,resistance,4,7,6,4,Vulpter
2025-07-08 13:19:05,708,at-st,empire,4,1,10,3,Toydaria
2025-07-08 13:19:04,709,at-at,empire,8,8,7,7,Muunilinst
2025-07-08 13:19:03,710,tie_fighter,resistance,1,8,1,9,Kalee
2025-07-08 13:19:02,711,at-at,resistance,10,4,4,7,Muunilinst
2025-07-08 13:19:01,712,tie_silencer,empire,1,10,4,3,Dagobah
2025-07-08 13:19:00,713,tie_fighter,empire,9,6,7,3,Serenno
2025-07-08 13:18:59,714,at-at,empire,10,7,5,5,Serenno
2025-07-08 13:18:58,715,unknown,empire,4,8,7,1,Tund
2025-07-08 13:18:57,716,resistance_soldier,empire,1,8,5,1,Champala
2025-07-08 13:18:56,717,unknown,resistance,2,2,1,5,Haruun Kal
2025-07-08 13:18:55,718,x-wing,empire,2,5,3,10,Serenno
2025-07-08 13:18:54,719,tie_fighter,empire,3,1,2,6,Haruun Kal
2025-07-08 13:18:53,720,stormtrooper,resistance,10,7,7,1,Bestine IV
2025-07-08 13:18:52,721,unknown,resistance,7,5,2,6,Ryloth
2025-07-08 13:18:51,722,tie_fighter,empire,7,5,4,7,Stewjon
2025-07-08 13:18:50,723,tie_silencer,empire,3,8,7,9,Iridonia
2025-07-08 13:18:49,724,tie_silencer,empire,4,8,8,1,Troiken
2025-07-08 13:18:48,725,at-at,empire,1,6,2,8,Dorin
2025-07-08 13:18:47,726,x-wing,resistance,5,9,4,10,Dathomir
2025-07-08 13:18:46,727,unknown,empire,8,5,5,3,Mirial
2025-07-08 13:18:45,728,resistance_soldier,resistance,1,8,4,4,Alderaan
2025-07-08 13:18:44,729,tie_fighter,resistance,5,9,10,8,Stewjon
2025-07-08 13:18:43,730,x-wing,empire,3,5,7,7,Serenno
2025-07-08 13:18:42,731,stormtrooper,resistance,1,4,1,6,Bestine IV
2025-07-08 13:18:41,732,resistance_soldier,empire,9,2,8,6,Tatooine
2025-07-08 13:18:40,733,at-at,resistance,9,3,8,1,Haruun Kal
2025-07-08 13:18:39,734,at-st,resistance,7,2,2,10,Troiken
2025-07-08 13:18:38,735,stormtrooper,resistance,3,10,7,8,Shili
2025-07-08 13:18:37,736,tie_silencer,resistance,4,5,3,3,Quermia
2025-07-08 13:18:36,737,at-st,resistance,9,2,10,1,Eriadu
2025-07-08 13:18:35,738,at-at,empire,5,7,8,2,Dagobah
2025-07-08 13:18:34,739,at-at,empire,7,10,3,5,Haruun Kal
2025-07-08 13:18:33,740,at-st,resistance,6,6,3,4,Quermia
2025-07-08 13:18:32,741,at-at,empire,6,3,7,9,Cerea
2025-07-08 13:18:31,742,tie_silencer,resistance,7,2,1,8,Shili
2025-07-08 13:18:30,743,at-st,resistance,9,2,8,9,Kalee
2025-07-08 13:18:29,744,at-at,empire,4,2,7,7,Serenno
2025-07-08 13:18:28,745,unknown,resistance,10,4,9,1,Mon Cala
2025-07-08 13:18:27,746,stormtrooper,resistance,5,2,6,1,Alderaan
2025-07-08 13:18:26,747,tie_silencer,empire,4,10,6,1,Umbara
2025-07-08 13:18:25,748,stormtrooper,resistance,5,1,10,6,Alderaan
2025-07-08 13:18:24,749,x-wing,resistance,7,6,10,9,Bestine IV
2025-07-08 13:18:23,750,at-st,empire,7,9,5,5,Toydaria
2025-07-08 13:18:22,751,tie_silencer,empire,1,2,3,9,Dagobah
2025-07-08 13:18:21,752,x-wing,resistance,9,7,4,4,Concord Dawn
2025-07-08 13:18:20,753,tie_fighter,resistance,7,7,3,6,Bestine IV
2025-07-08 13:18:19,754,stormtrooper,empire,10,6,9,3,Shili
2025-07-08 13:18:18,755,at-st,empire,9,8,6,10,Malastare
2025-07-08 13:18:17,756,resistance_soldier,resistance,3,3,3,7,Glee Anselm
2025-07-08 13:18:16,757,resistance_soldier,resistance,1,8,6,6,Naboo
2025-07-08 13:18:15,758,unknown,empire,4,10,4,9,Tholoth
2025-07-08 13:18:14,759,x-wing,empire,1,5,5,5,Eriadu
2025-07-08 13:18:13,760,x-wing,resistance,7,8,6,10,Cerea
2025-07-08 13:18:12,761,stormtrooper,resistance,9,6,9,5,Haruun Kal
2025-07-08 13:18:11,762,at-at,resistance,3,5,10,9,Iktotch
2025-07-08 13:18:10,763,stormtrooper,empire,7,6,2,8,Mon Cala
2025-07-08 13:18:09,764,at-at,resistance,7,3,3,7,Dathomir
2025-07-08 13:18:08,765,unknown,empire,1,8,3,7,Aleen Minor
2025-07-08 13:18:07,766,at-st,resistance,8,6,1,5,Tholoth
2025-07-08 13:18:06,767,tie_fighter,resistance,5,5,10,1,Toydaria
2025-07-08 13:18:05,768,at-at,empire,2,9,5,7,Skako
2025-07-08 13:18:04,769,x-wing,resistance,9,5,2,10,Cerea
2025-07-08 13:18:03,770,resistance_soldier,empire,5,6,9,10,Haruun Kal
2025-07-08 13:18:02,771,tie_fighter,resistance,1,6,10,9,Mon Cala
2025-07-08 13:18:01,772,at-st,empire,6,5,7,6,Serenno
2025-07-08 13:18:00,773,tie_fighter,empire,3,3,4,2,Eriadu
2025-07-08 13:17:59,774,tie_fighter,empire,7,3,5,8,Vulpter
2025-07-08 13:17:58,775,unknown,resistance,6,7,7,6,Shili
2025-07-08 13:17:57,776,resistance_soldier,empire,6,1,7,7,Muunilinst
2025-07-08 13:17:56,777,tie_silencer,resistance,8,2,4,2,Haruun Kal
2025-07-08 13:17:55,778,at-at,resistance,5,7,7,4,Haruun Kal
2025-07-08 13:17:54,779,resistance_soldier,empire,9,2,4,8,Eriadu
2025-07-08 13:17:53,780,stormtrooper,resistance,5,2,3,10,Vulpter
2025-07-08 13:17:52,781,at-at,empire,2,5,8,2,Skako
2025-07-08 13:17:51,782,unknown,resistance,9,1,1,10,Mon Cala
2025-07-08 13:17:50,783,stormtrooper,resistance,7,9,4,4,Zolan
2025-07-08 13:17:49,784,unknown,resistance,5,3,3,8,Cerea
2025-07-08 13:17:48,785,stormtrooper,resistance,2,5,7,9,Bestine IV
2025-07-08 13:17:47,786,tie_silencer,resistance,9,6,9,2,Zolan
2025-07-08 13:17:46,787,tie_fighter,empire,5,8,3,1,Serenno
2025-07-08 13:17:45,788,unknown,resistance,10,6,3,3,Concord Dawn
2025-07-08 13:17:44,789,resistance_soldier,empire,4,8,5,1,Ojom
2025-07-08 13:17:43,790,tie_silencer,resistance,5,10,4,10,Quermia
2025-07-08 13:17:42,791,at-st,empire,8,10,4,10,Tund
2025-07-08 13:17:41,792,tie_silencer,resistance,9,7,10,8,Shili
2025-07-08 13:17:40,793,resistance_soldier,resistance,6,9,7,1,Iktotch
2025-07-08 13:17:39,794,at-st,empire,9,5,6,8,Dorin
2025-07-08 13:17:38,795,tie_silencer,resistance,5,9,2,6,Tatooine
2025-07-08 13:17:37,796,at-st,resistance,6,8,3,3,Haruun Kal
2025-07-08 13:17:36,797,at-at,resistance,6,5,7,6,Ojom
2025-07-08 13:17:35,798,x-wing,resistance,8,7,7,3,Champala
2025-07-08 13:17:34,799,resistance_soldier,empire,2,6,10,4,Muunilinst
2025-07-08 13:17:33,800,at-at,empire,2,2,6,9,Dagobah
2025-07-08 13:17:32,801,tie_silencer,empire,2,9,6,4,Ojom
2025-07-08 13:17:31,802,stormtrooper,resistance,3,7,10,5,Iridonia
2025-07-08 13:17:30,803,resistance_soldier,empire,4,6,8,2,Serenno
2025-07-08 13:17:29,804,unknown,empire,2,8,5,2,Eriadu
2025-07-08 13:17:28,805,tie_fighter,resistance,1,2,5,1,Naboo
2025-07-08 13:17:27,806,at-at,resistance,9,1,2,7,Glee Anselm
2025-07-08 13:17:26,807,unknown,resistance,2,1,5,4,Naboo
2025-07-08 13:17:25,808,tie_silencer,empire,10,2,10,3,Quermia
2025-07-08 13:17:24,809,tie_silencer,empire,1,8,9,2,Tatooine
2025-07-08 13:17:23,810,tie_fighter,empire,1,9,1,5,Trandosha
2025-07-08 13:17:22,811,tie_fighter,empire,6,3,3,6,Toydaria
2025-07-08 13:17:21,812,resistance_soldier,empire,8,2,10,9,Champala
2025-07-08 13:17:20,813,tie_fighter,resistance,5,1,5,1,Kalee
2025-07-08 13:17:19,814,at-st,resistance,8,3,7,4,Umbara
2025-07-08 13:17:18,815,tie_fighter,resistance,7,9,4,9,Ryloth
2025-07-08 13:17:17,816,unknown,resistance,8,5,6,5,Cerea
2025-07-08 13:17:16,817,x-wing,resistance,6,2,10,5,Troiken
2025-07-08 13:17:15,818,tie_silencer,empire,2,7,1,8,Kalee
2025-07-08 13:17:14,819,tie_fighter,resistance,6,9,10,2,Ojom
2025-07-08 13:17:13,820,tie_fighter,empire,6,9,5,6,Glee Anselm
2025-07-08 13:17:12,821,at-st,empire,1,3,3,8,Muunilinst
2025-07-08 13:17:11,822,tie_fighter,resistance,3,2,7,8,Umbara
2025-07-08 13:17:10,823,resistance_soldier,resistance,6,6,5,2,Sullust
2025-07-08 13:17:09,824,at-st,empire,4,7,7,4,Corellia
2025-07-08 13:17:08,825,tie_silencer,empire,4,7,10,2,Muunilinst
2025-07-08 13:17:07,826,stormtrooper,empire,9,7,1,10,Haruun Kal
2025-07-08 13:17:06,827,resistance_soldier,resistance,4,5,1,1,Serenno
2025-07-08 13:17:05,828,tie_fighter,empire,4,6,6,2,Zolan
2025-07-08 13:17:04,829,tie_fighter,empire,7,7,3,6,Vulpter
2025-07-08 13:17:03,830,x-wing,resistance,7,1,4,7,Cerea
2025-07-08 13:17:02,831,tie_silencer,empire,10,4,10,3,Aleen Minor
2025-07-08 13:17:01,832,at-at,empire,10,2,9,1,Iridonia
2025-07-08 13:17:00,833,at-at,resistance,10,6,9,7,Champala
2025-07-08 13:16:59,834,tie_fighter,empire,8,3,1,2,Socorro
2025-07-08 13:16:58,835,unknown,resistance,6,4,1,3,Iktotch
2025-07-08 13:16:57,836,at-st,resistance,1,2,7,2,Haruun Kal
2025-07-08 13:16:56,837,unknown,resistance,3,9,1,8,Mon Cala
2025-07-08 13:16:55,838,at-at,resistance,10,6,9,2,Chandrila
2025-07-08 13:16:54,839,stormtrooper,empire,10,3,3,10,Kalee
2025-07-08 13:16:53,840,tie_silencer,empire,4,7,8,2,Eriadu
2025-07-08 13:16:52,841,unknown,resistance,10,4,6,3,Glee Anselm
2025-07-08 13:16:51,842,x-wing,empire,5,8,5,9,Tatooine
2025-07-08 13:16:50,843,x-wing,empire,4,6,1,8,Troiken
2025-07-08 13:16:49,844,x-wing,resistance,10,6,5,7,Dagobah
2025-07-08 13:16:48,845,resistance_soldier,empire,9,9,8,6,Muunilinst
2025-07-08 13:16:47,846,tie_fighter,empire,5,7,6,5,Kalee
2025-07-08 13:16:46,847,tie_fighter,empire,6,2,4,6,Eriadu
2025-07-08 13:16:45,848,tie_fighter,resistance,6,9,8,10,Zolan
2025-07-08 13:16:44,849,stormtrooper,resistance,6,9,9,2,Quermia
2025-07-08 13:16:43,850,x-wing,empire,4,8,5,2,Dathomir
2025-07-08 13:16:42,851,unknown,resistance,2,3,6,4,Zolan
2025-07-08 13:16:41,852,unknown,empire,3,1,10,9,Troiken
2025-07-08 13:16:40,853,at-at,empire,8,7,10,9,Naboo
2025-07-08 13:16:39,854,tie_silencer,empire,5,5,7,5,Stewjon
2025-07-08 13:16:38,855,at-st,empire,6,2,7,2,Umbara
2025-07-08 13:16:37,856,stormtrooper,resistance,10,3,9,4,Quermia
2025-07-08 13:16:36,857,tie_silencer,resistance,9,6,10,7,Aleen Minor
2025-07-08 13:16:35,858,at-st,empire,8,9,8,1,Serenno
2025-07-08 13:16:34,859,tie_fighter,resistance,7,5,8,1,Cerea
2025-07-08 13:16:33,860,at-st,empire,7,9,6,1,Trandosha
2025-07-08 13:16:32,861,x-wing,empire,4,9,2,2,Bestine IV
2025-07-08 13:16:31,862,unknown,resistance,2,7,7,6,Umbara
2025-07-08 13:16:30,863,tie_fighter,resistance,1,8,6,3,Dathomir
2025-07-08 13:16:29,864,x-wing,empire,10,5,6,2,Malastare
2025-07-08 13:16:28,865,x-wing,empire,7,7,9,9,Toydaria
2025-07-08 13:16:27,866,stormtrooper,resistance,2,7,3,9,Eriadu
2025-07-08 13:16:26,867,tie_fighter,empire,9,2,2,5,Malastare
2025-07-08 13:16:25,868,at-st,resistance,10,2,8,3,Bestine IV
2025-07-08 13:16:24,869,resistance_soldier,resistance,5,5,5,1,Rodia
2025-07-08 13:16:23,870,tie_fighter,resistance,5,6,8,7,Trandosha
2025-07-08 13:16:22,871,at-at,empire,1,4,4,6,Tatooine
2025-07-08 13:16:21,872,at-at,resistance,2,10,4,9,Champala
2025-07-08 13:16:20,873,at-st,resistance,9,2,10,5,Kashyyyk
2025-07-08 13:16:19,874,unknown,resistance,10,6,5,7,Ojom
2025-07-08 13:16:18,875,resistance_soldier,empire,7,8,7,1,Tund
2025-07-08 13:16:17,876,stormtrooper,resistance,6,3,8,5,Stewjon
2025-07-08 13:16:16,877,at-at,empire,7,4,6,4,Stewjon
2025-07-08 13:16:15,878,at-st,empire,10,8,4,3,Vulpter
2025-07-08 13:16:14,879,x-wing,empire,2,8,4,3,Tund
2025-07-08 13:16:13,880,at-st,empire,4,8,9,2,Trandosha
2025-07-08 13:16:12,881,resistance_soldier,empire,2,2,9,6,Kashyyyk
2025-07-08 13:16:11,882,x-wing,empire,4,7,1,5,Quermia
2025-07-08 13:16:10,883,x-wing,empire,4,7,10,8,Serenno
2025-07-08 13:16:09,884,unknown,resistance,5,6,10,1,Toydaria
2025-07-08 13:16:08,885,tie_silencer,resistance,8,5,10,9,Skako
2025-07-08 13:16:07,886,unknown,resistance,2,5,8,1,Sullust
2025-07-08 13:16:06,887,tie_silencer,resistance,5,7,7,7,Glee Anselm
2025-07-08 13:16:05,888,at-at,empire,10,5,8,10,Dorin
2025-07-08 13:16:04,889,at-st,empire,4,6,1,9,Toydaria
2025-07-08 13:16:03,890,unknown,resistance,3,10,7,8,Kashyyyk
2025-07-08 13:16:02,891,at-st,resistance,10,7,5,3,Mon Cala
2025-07-08 13:16:01,892,at-st,empire,2,10,8,5,Kalee
2025-07-08 13:16:00,893,tie_silencer,empire,6,5,1,5,Aleen Minor
2025-07-08 13:15:59,894,at-at,resistance,5,1,4,2,Eriadu
2025-07-08 13:15:58,895,x-wing,resistance,8,3,6,2,Chandrila
2025-07-08 13:15:57,896,at-st,empire,10,5,2,10,Socorro
2025-07-08 13:15:56,897,unknown,resistance,1,9,6,3,Dathomir
2025-07-08 13:15:55,898,unknown,empire,8,7,5,6,Dagobah
2025-07-08 13:15:54,899,at-at,resistance,7,2,6,8,Iridonia
2025-07-08 13:15:53,900,at-at,empire,5,7,7,10,Socorro
2025-07-08 13:15:52,901,stormtrooper,resistance,3,6,7,8,Alderaan
2025-07-08 13:15:51,902,x-wing,empire,4,9,9,9,Tund
2025-07-08 13:15:50,903,at-st,resistance,8,7,5,3,Kashyyyk
2025-07-08 13:15:49,904,stormtrooper,resistance,8,3,7,3,Sullust
2025-07-08 13:15:48,905,x-wing,resistance,3,7,4,9,Kalee
2025-07-08 13:15:47,906,resistance_soldier,resistance,5,4,4,3,Shili
2025-07-08 13:15:46,907,at-at,resistance,8,6,7,5,Shili
2025-07-08 13:15:45,908,x-wing,empire,5,9,2,9,Toydaria
2025-07-08 13:15:44,909,resistance_soldier,resistance,1,5,2,3,Cerea
2025-07-08 13:15:43,910,x-wing,resistance,3,1,9,3,Tatooine
2025-07-08 13:15:42,911,at-at,resistance,10,7,6,10,Trandosha
2025-07-08 13:15:41,912,x-wing,empire,1,7,1,3,Dagobah
2025-07-08 13:15:40,913,stormtrooper,empire,9,10,7,2,Toydaria
2025-07-08 13:15:39,914,stormtrooper,empire,5,4,5,3,Rodia
2025-07-08 13:15:38,915,tie_silencer,empire,9,10,7,7,Chandrila
2025-07-08 13:15:37,916,x-wing,resistance,5,5,8,2,Naboo
2025-07-08 13:15:36,917,tie_silencer,empire,4,3,4,7,Skako
2025-07-08 13:15:35,918,tie_silencer,resistance,8,2,6,10,Tatooine
2025-07-08 13:15:34,919,at-st,empire,2,2,3,8,Concord Dawn
2025-07-08 13:15:33,920,x-wing,resistance,10,2,6,5,Socorro
2025-07-08 13:15:32,921,x-wing,empire,3,8,1,7,Malastare
2025-07-08 13:15:31,922,at-at,resistance,2,4,7,6,Sullust
2025-07-08 13:15:30,923,at-at,resistance,4,9,6,6,Rodia
2025-07-08 13:15:29,924,unknown,resistance,1,6,10,5,Alderaan
2025-07-08 13:15:28,925,unknown,empire,1,9,1,1,Corellia
2025-07-08 13:15:27,926,x-wing,resistance,2,1,4,5,Bestine IV
2025-07-08 13:15:26,927,unknown,empire,1,3,9,3,Tholoth
2025-07-08 13:15:25,928,unknown,resistance,6,8,6,2,Kashyyyk
2025-07-08 13:15:24,929,tie_fighter,empire,7,9,4,3,Glee Anselm
2025-07-08 13:15:23,930,at-at,resistance,2,6,2,8,Chandrila
2025-07-08 13:15:22,931,stormtrooper,resistance,5,5,3,10,Shili
2025-07-08 13:15:21,932,at-st,empire,2,8,4,9,Mirial
2025-07-08 13:15:20,933,resistance_soldier,resistance,8,9,7,8,Sullust
2025-07-08 13:15:19,934,at-st,resistance,3,9,10,5,Ryloth
2025-07-08 13:15:18,935,at-st,resistance,10,5,7,8,Cerea
2025-07-08 13:15:17,936,tie_silencer,resistance,3,10,5,8,Quermia
2025-07-08 13:15:16,937,x-wing,resistance,2,9,1,3,Naboo
2025-07-08 13:15:15,938,resistance_soldier,empire,8,8,8,1,Toydaria
2025-07-08 13:15:14,939,stormtrooper,empire,7,10,7,3,Cerea
2025-07-08 13:15:13,940,at-st,resistance,8,3,3,6,Socorro
2025-07-08 13:15:12,941,unknown,empire,2,10,10,10,Stewjon
2025-07-08 13:15:11,942,resistance_soldier,empire,8,2,9,7,Kalee
2025-07-08 13:15:10,943,tie_fighter,empire,6,1,10,10,Dagobah
2025-07-08 13:15:09,944,resistance_soldier,empire,8,4,1,9,Serenno
2025-07-08 13:15:08,945,at-at,empire,1,9,6,10,Dathomir
2025-07-08 13:15:07,946,x-wing,resistance,10,6,8,10,Kalee
2025-07-08 13:15:06,947,tie_silencer,resistance,3,8,2,10,Umbara
2025-07-08 13:15:05,948,tie_silencer,resistance,7,7,6,5,Glee Anselm
2025-07-08 13:15:04,949,at-at,empire,5,9,6,7,Mirial
2025-07-08 13:15:03,950,at-at,resistance,2,2,3,8,Cerea
2025-07-08 13:15:02,951,tie_fighter,resistance,3,3,7,1,Rodia
2025-07-08 13:15:01,952,x-wing,resistance,10,1,1,6,Cerea
2025-07-08 13:15:00,953,at-at,resistance,9,2,8,7,Chandrila
2025-07-08 13:14:59,954,tie_silencer,empire,6,1,6,9,Kalee
2025-07-08 13:14:58,955,tie_fighter,resistance,8,2,2,3,Shili
2025-07-08 13:14:57,956,at-st,resistance,2,4,4,10,Mon Cala
2025-07-08 13:14:56,957,at-at,resistance,8,4,5,6,Mirial
2025-07-08 13:14:55,958,at-at,resistance,9,1,1,9,Mirial
2025-07-08 13:14:54,959,unknown,resistance,10,3,10,9,Ojom
2025-07-08 13:14:53,960,x-wing,empire,2,5,7,7,Dorin
2025-07-08 13:14:52,961,tie_fighter,empire,7,5,4,10,Corellia
2025-07-08 13:14:51,962,at-st,empire,10,8,10,6,Chandrila
2025-07-08 13:14:50,963,unknown,empire,6,7,1,3,Concord Dawn
2025-07-08 13:14:49,964,resistance_soldier,resistance,8,2,5,1,Umbara
2025-07-08 13:14:48,965,x-wing,empire,10,6,9,6,Bestine IV
2025-07-08 13:14:47,966,stormtrooper,empire,9,7,10,7,Eriadu
2025-07-08 13:14:46,967,tie_fighter,resistance,2,6,8,6,Dagobah
2025-07-08 13:14:45,968,tie_silencer,empire,3,1,1,8,Trandosha
2025-07-08 13:14:44,969,at-st,empire,10,2,2,5,Stewjon
2025-07-08 13:14:43,970,tie_silencer,resistance,10,1,7,1,Mon Cala
2025-07-08 13:14:42,971,x-wing,empire,1,6,6,2,Tund
2025-07-08 13:14:41,972,resistance_soldier,resistance,3,7,5,6,Glee Anselm
2025-07-08 13:14:40,973,x-wing,resistance,3,4,1,6,Mon Cala
2025-07-08 13:14:39,974,stormtrooper,resistance,9,1,1,3,Dathomir
2025-07-08 13:14:38,975,tie_silencer,resistance,4,10,3,1,Ryloth
2025-07-08 13:14:37,976,stormtrooper,empire,5,1,4,1,Tund
2025-07-08 13:14:36,977,at-at,empire,9,3,5,5,Bestine IV
2025-07-08 13:14:35,978,at-at,empire,8,3,9,3,Iktotch
2025-07-08 13:14:34,979,unknown,empire,2,6,8,5,Shili
2025-07-08 13:14:33,980,tie_fighter,empire,2,7,4,4,Cerea
2025-07-08 13:14:32,981,tie_fighter,resistance,10,10,2,8,Kashyyyk
2025-07-08 13:14:31,982,at-at,empire,1,5,10,2,Iktotch
2025-07-08 13:14:30,983,at-at,resistance,2,6,9,9,Aleen Minor
2025-07-08 13:14:29,984,stormtrooper,empire,8,9,1,4,Toydaria
2025-07-08 13:14:28,985,tie_silencer,resistance,3,6,5,6,Sullust
2025-07-08 13:14:27,986,tie_fighter,empire,6,7,6,1,Naboo
2025-07-08 13:14:26,987,tie_silencer,empire,2,9,3,6,Corellia
2025-07-08 13:14:25,988,resistance_soldier,resistance,9,3,8,3,Toydaria
2025-07-08 13:14:24,989,x-wing,empire,5,6,5,7,Serenno
2025-07-08 13:14:23,990,at-st,resistance,4,5,1,6,Eriadu
2025-07-08 13:14:22,991,tie_fighter,resistance,1,8,5,3,Sullust
2025-07-08 13:14:21,992,x-wing,empire,8,1,2,1,Tatooine
2025-07-08 13:14:20,993,stormtrooper,resistance,2,1,2,5,Aleen Minor
2025-07-08 13:14:19,994,resistance_soldier,empire,2,1,2,5,Dagobah
2025-07-08 13:14:18,995,tie_silencer,resistance,1,8,4,1,Shili
2025-07-08 13:14:17,996,tie_silencer,resistance,5,5,6,2,Shili
2025-07-08 13:14:16,997,x-wing,resistance,9,4,1,8,Chandrila
2025-07-08 13:14:15,998,tie_silencer,empire,2,1,7,5,Cerea
2025-07-08 13:14:14,999,at-at,resistance,6,6,4,6,Dathomir
2025-07-08 13:14:13,1000,tie_silencer,resistance,3,5,8,8,Sullust
